tier,task,planner,seed,n_bricks,plan_len,executed,failed_step,success,placed,total,placed_frac,welded,welded_frac,sim_time_s,wall_s
1,task_001,pddl,42,2,4,True,,True,2,2,1.0,2,1.0,9.58399999999987,29.3
1,task_001,abd,42,2,4,True,,True,2,2,1.0,2,1.0,19.35600000000015,28.7
1,task_006,pddl,42,2,4,True,,True,2,2,1.0,2,1.0,9.82199999999995,30.6
1,task_006,abd,42,2,4,True,,True,2,2,1.0,2,1.0,19.833999999999886,31.1
1,task_011,pddl,42,2,4,True,,True,2,2,1.0,2,1.0,9.633999999999887,29.1
1,task_011,abd,42,2,4,True,,True,2,2,1.0,2,1.0,19.460000000000093,29.9
1,task_016,pddl,42,2,4,True,,True,2,2,1.0,2,1.0,9.633999999999887,29.4
1,task_016,abd,42,2,4,True,,True,2,2,1.0,2,1.0,19.460000000000093,29.0
1,task_021,pddl,42,2,4,True,,True,2,2,1.0,2,1.0,9.633999999999887,30.3
1,task_021,abd,42,2,4,True,,True,2,2,1.0,2,1.0,19.460000000000093,29.3
1,task_026,pddl,42,2,4,True,,True,2,2,1.0,2,1.0,9.633999999999887,29.4
1,task_026,abd,42,2,4,True,,True,2,2,1.0,2,1.0,19.460000000000093,29.2
1,task_031,pddl,42,2,4,True,,True,2,2,1.0,2,1.0,9.633999999999887,29.3
1,task_031,abd,42,2,4,True,,True,2,2,1.0,2,1.0,19.460000000000093,29.4
1,task_036,pddl,42,2,4,True,,True,2,2,1.0,2,1.0,9.58399999999987,29.0
1,task_036,abd,42,2,4,True,,True,2,2,1.0,2,1.0,19.35600000000015,28.6
1,task_041,pddl,42,2,4,True,,True,2,2,1.0,2,1.0,9.58399999999987,28.8
1,task_041,abd,42,2,4,True,,True,2,2,1.0,2,1.0,19.35600000000015,28.3
1,task_046,pddl,42,2,4,True,,True,2,2,1.0,2,1.0,9.633999999999887,29.1
1,task_046,abd,42,2,4,True,,True,2,2,1.0,2,1.0,19.460000000000093,28.9
1,task_046,pddl,42,2,4,True,,True,2,2,1.0,2,1.0,9.633999999999887,28.9
1,task_046,abd,42,2,4,True,,True,2,2,1.0,2,1.0,19.460000000000093,29.2
1,task_051,pddl,42,2,4,True,,True,2,2,1.0,2,1.0,9.82199999999995,30.2
1,task_051,abd,42,2,4,True,,True,2,2,1.0,2,1.0,19.833999999999886,30.4
1,task_051,pddl,42,2,4,True,,True,2,2,1.0,2,1.0,9.82199999999995,30.3
1,task_051,abd,42,2,4,True,,True,2,2,1.0,2,1.0,19.833999999999886,30.3
1,task_056,pddl,42,2,4,True,,True,2,2,1.0,2,1.0,9.633999999999887,29.0
1,task_056,abd,42,2,4,True,,True,2,2,1.0,2,1.0,19.460000000000093,30.8
1,task_056,pddl,42,2,4,True,,True,2,2,1.0,2,1.0,9.633999999999887,29.9
1,task_056,abd,42,2,4,True,,True,2,2,1.0,2,1.0,19.460000000000093,29.9
1,task_061,pddl,42,2,4,True,,True,2,2,1.0,2,1.0,9.633999999999887,30.0
1,task_061,abd,42,2,4,True,,True,2,2,1.0,2,1.0,19.460000000000093,29.6
1,task_061,pddl,42,2,4,True,,True,2,2,1.0,2,1.0,9.633999999999887,29.8
1,task_061,abd,42,2,4,True,,True,2,2,1.0,2,1.0,19.460000000000093,28.9
1,task_066,pddl,42,2,4,True,,True,2,2,1.0,2,1.0,9.633999999999887,28.9
1,task_066,abd,42,2,4,True,,True,2,2,1.0,2,1.0,19.460000000000093,29.1
1,task_066,pddl,42,2,4,True,,True,2,2,1.0,2,1.0,9.633999999999887,28.9
1,task_066,abd,42,2,4,True,,True,2,2,1.0,2,1.0,19.460000000000093,29.4
1,task_071,pddl,42,2,4,True,,True,2,2,1.0,2,1.0,9.58399999999987,29.4
1,task_071,abd,42,2,4,True,,True,2,2,1.0,2,1.0,19.35600000000015,28.6
1,task_071,pddl,42,2,4,True,,True,2,2,1.0,2,1.0,9.58399999999987,29.2
1,task_071,abd,42,2,4,True,,True,2,2,1.0,2,1.0,19.35600000000015,28.8
1,task_076,pddl,42,2,4,True,,True,2,2,1.0,2,1.0,9.58399999999987,29.6
1,task_076,abd,42,2,4,True,,True,2,2,1.0,2,1.0,19.35600000000015,28.9
1,task_076,pddl,42,2,4,True,,True,2,2,1.0,2,1.0,9.58399999999987,29.4
1,task_076,abd,42,2,4,True,,True,2,2,1.0,2,1.0,19.35600000000015,28.9
1,task_081,pddl,42,2,4,True,,True,2,2,1.0,2,1.0,9.82199999999995,30.6
1,task_081,abd,42,2,4,True,,True,2,2,1.0,2,1.0,19.833999999999886,30.7
1,task_081,pddl,42,2,4,True,,True,2,2,1.0,2,1.0,9.82199999999995,30.6
1,task_081,abd,42,2,4,True,,True,2,2,1.0,2,1.0,19.833999999999886,30.7
1,task_086,pddl,42,2,4,True,,True,2,2,1.0,2,1.0,9.58399999999987,29.3
1,task_086,abd,42,2,4,True,,True,2,2,1.0,2,1.0,19.35600000000015,29.2
1,task_086,pddl,42,2,4,True,,True,2,2,1.0,2,1.0,9.58399999999987,29.4
1,task_086,abd,42,2,4,True,,True,2,2,1.0,2,1.0,19.35600000000015,28.7
1,task_091,pddl,42,2,4,True,,True,2,2,1.0,2,1.0,9.58399999999987,29.0
1,task_091,abd,42,2,4,True,,True,2,2,1.0,2,1.0,19.35600000000015,28.7
1,task_091,pddl,42,2,4,True,,True,2,2,1.0,2,1.0,9.58399999999987,29.1
1,task_091,abd,42,2,4,True,,True,2,2,1.0,2,1.0,19.35600000000015,28.7
1,task_096,pddl,42,2,4,True,,True,2,2,1.0,2,1.0,9.633999999999887,29.1
1,task_096,abd,42,2,4,True,,True,2,2,1.0,2,1.0,19.460000000000093,28.8
1,task_096,pddl,42,2,4,True,,True,2,2,1.0,2,1.0,9.633999999999887,28.9
1,task_096,abd,42,2,4,True,,True,2,2,1.0,2,1.0,19.460000000000093,28.9
2,task_001,pddl,42,3,6,True,,True,3,3,1.0,3,1.0,14.000000000001345,43.4
2,task_001,abd,42,3,6,True,,True,3,3,1.0,3,1.0,28.19799999999525,42.7
2,task_046,pddl,42,4,8,True,,True,4,4,1.0,4,1.0,17.75200000000104,55.4
2,task_046,abd,42,4,8,True,,True,4,4,1.0,4,1.0,35.70199999999767,56.8
2,task_006,pddl,42,3,6,True,,True,3,3,1.0,3,1.0,13.678000000001237,42.8
2,task_006,abd,42,3,6,True,,True,3,3,1.0,3,1.0,27.54999999999561,42.9
2,task_051,pddl,42,3,6,True,,True,3,3,1.0,3,1.0,13.678000000001237,43.5
2,task_051,abd,42,3,6,True,,True,3,3,1.0,3,1.0,27.54999999999561,41.5
2,task_011,pddl,42,2,4,True,,True,2,2,1.0,2,1.0,9.819999999999949,29.7
2,task_011,abd,42,2,4,True,,True,2,2,1.0,2,1.0,19.82799999999989,29.8
2,task_056,pddl,42,2,4,True,,True,2,2,1.0,2,1.0,9.61599999999988,29.1
2,task_056,abd,42,2,4,True,,True,2,2,1.0,2,1.0,19.43000000000011,29.1
2,task_016,pddl,42,3,6,True,,True,3,3,1.0,3,1.0,13.650000000001228,41.6
2,task_016,abd,42,3,6,True,,True,3,3,1.0,3,1.0,27.485999999995645,41.8
2,task_061,pddl,42,3,6,True,,True,3,3,1.0,3,1.0,14.000000000001345,43.7
2,task_061,abd,42,3,6,True,,True,3,3,1.0,3,1.0,28.19799999999525,43.3
2,task_021,pddl,42,3,6,True,,True,3,3,1.0,3,1.0,13.668000000001234,42.4
2,task_021,abd,42,3,6,True,,True,3,3,1.0,3,1.0,27.523999999995624,41.8
2,task_066,pddl,42,3,6,True,,True,3,3,1.0,3,1.0,14.034000000001356,44.2
2,task_066,abd,42,3,6,True,,True,3,3,1.0,3,1.0,28.26799999999521,43.5
2,task_026,pddl,42,3,6,True,,True,3,3,1.0,3,1.0,13.95600000000133,43.3
2,task_026,abd,42,3,6,True,,True,3,3,1.0,3,1.0,28.1099999999953,42.6
2,task_071,pddl,42,3,6,True,,True,3,3,1.0,3,1.0,13.678000000001237,41.9
2,task_071,abd,42,3,6,True,,True,3,3,1.0,3,1.0,27.54999999999561,42.0
2,task_031,pddl,42,3,6,True,,True,3,3,1.0,3,1.0,14.024000000001353,43.7
2,task_031,abd,42,3,6,True,,True,3,3,1.0,3,1.0,28.25399999999522,43.5
2,task_076,pddl,42,4,8,True,,True,4,4,1.0,4,1.0,18.20000000000079,58.7
2,task_076,abd,42,4,8,True,,True,4,4,1.0,4,1.0,36.59599999999876,58.9
2,task_036,pddl,42,4,8,True,,True,4,4,1.0,4,1.0,17.49800000000118,55.3
2,task_036,abd,42,4,8,True,,True,4,4,1.0,4,1.0,35.191999999997044,53.9
2,task_081,pddl,42,2,4,True,,True,2,2,1.0,2,1.0,9.797999999999941,29.9
2,task_081,abd,42,2,4,True,,True,2,2,1.0,2,1.0,19.78799999999991,30.4
2,task_041,pddl,42,3,6,True,,True,3,3,1.0,3,1.0,14.024000000001353,43.8
2,task_041,abd,42,3,6,True,,True,3,3,1.0,3,1.0,28.25399999999522,43.6
2,task_086,pddl,42,2,4,True,,True,2,2,1.0,2,1.0,9.593999999999873,29.3
2,task_086,abd,42,2,4,True,,True,2,2,1.0,2,1.0,19.382000000000136,28.9
2,task_091,pddl,42,3,6,True,,True,3,3,1.0,3,1.0,14.034000000001356,43.7
2,task_091,abd,42,3,6,True,,True,3,3,1.0,3,1.0,28.26799999999521,43.7
2,task_046,pddl,42,4,8,True,,True,4,4,1.0,4,1.0,17.75200000000104,55.3
2,task_046,abd,42,4,8,True,,True,4,4,1.0,4,1.0,35.70199999999767,56.0
2,task_096,pddl,42,3,6,True,,True,3,3,1.0,3,1.0,13.95600000000133,43.4
2,task_096,abd,42,3,6,True,,True,3,3,1.0,3,1.0,28.1099999999953,42.8
2,task_051,pddl,42,3,6,True,,True,3,3,1.0,3,1.0,13.678000000001237,42.2
2,task_051,abd,42,3,6,True,,True,3,3,1.0,3,1.0,27.54999999999561,41.7
2,task_056,pddl,42,2,4,True,,True,2,2,1.0,2,1.0,9.61599999999988,29.6
2,task_056,abd,42,2,4,True,,True,2,2,1.0,2,1.0,19.43000000000011,29.4
2,task_061,pddl,42,3,6,True,,True,3,3,1.0,3,1.0,14.000000000001345,44.4
2,task_061,abd,42,3,6,True,,True,3,3,1.0,3,1.0,28.19799999999525,43.6
2,task_066,pddl,42,3,6,True,,True,3,3,1.0,3,1.0,14.034000000001356,43.5
2,task_066,abd,42,3,6,True,,True,3,3,1.0,3,1.0,28.26799999999521,43.9
2,task_071,pddl,42,3,6,True,,True,3,3,1.0,3,1.0,13.678000000001237,42.5
2,task_071,abd,42,3,6,True,,True,3,3,1.0,3,1.0,27.54999999999561,41.9
2,task_076,pddl,42,4,8,True,,True,4,4,1.0,4,1.0,18.20000000000079,57.5
2,task_076,abd,42,4,8,True,,True,4,4,1.0,4,1.0,36.59599999999876,57.4
